{
    "players": [
      {
        "name": "DeBruyne",
        "position": "MID",
        "points": 141,
        "cost": 12.0,
        "team": "MCI"
      },
      {
        "name": "Salah",
        "position": "MID",
        "points": 231,
        "cost": 12.5,
        "team": "LIV"
      },
      {
        "name": "Mané",
        "team": "LIV",
        "position": "MID",
        "points": 176,
        "cost": 12.0
      },
      {
        "name": "Vardy",
        "position": "FWD",
        "points": 187,
        "cost": 10.5,
        "team": "LEI"
      },
      {
        "name": "Alexander Arnold",
        "position": "DEF",
        "points": 160,
        "cost": 7.5,
        "team": "LIV"
      },
      {
        "name": "Aubameyang",
        "position": "MID",
        "team": "ARS",
        "points": 131,
        "cost": 10
      },
      {
        "name": "Sterling",
        "position": "MID",
        "team": "MCI",
        "points": 154,
        "cost": 11
      },
      {
        "name": "Martial",
        "position": "FWD",
        "team": "MUN",
        "points": 75,
        "cost": 8
      },
      {
        "name": "Martinez",
        "position": "GKP",
        "team": "AVL",
        "points": 186,
        "cost": 5.5
      },
      {
        "name": "Ings",
        "position": "FWD",
        "team": "SOU",
        "points": 131,
        "cost": 8.0
      },
      {
        "name": "Jimenez",
        "position": "FWD",
        "team": "WOL",
        "points": 43,
        "cost": 7.5
      },
      {
        "name": "Robertson",
        "position": "DEF",
        "team": "LIV",
        "points": 161,
        "cost": 7
      },
      {
        "name": "van Dijk",
        "position": "DEF",
        "team": "LIV",
        "points": 178,
        "cost": 6.5
      },
      {
        "name": "Rashford",
        "position": "FWD",
        "team": "MUN",
        "points": 174,
        "cost": 9.5
      },
      {
        "name": "Mahrez",
        "position": "MID",
        "team": "MCI",
        "points": 145,
        "cost": 9.0
      },
      {
        "name": "Pope",
        "position": "GKP",
        "team": "BUR",
        "points": 144,
        "cost": 5.5
      },
      {
        "name": "Son",
        "position": "MID",
        "team": "TOT",
        "points": 228,
        "cost": 10.0
      },
      {
        "name": "Willian",
        "position": "MID",
        "team": "ARS",
        "points": 78,
        "cost": 6.5
      },
      {
        "name": "Willock",
        "position": "MID",
        "team": "ARS",
        "points": 79,
        "cost": 6.0
      },
      {
        "name": "Williams",
        "position": "DEF",
        "team": "LIV",
        "points": 11,
        "cost": 4.0
      },
      {
        "name": "Virginia",
        "position": "GKP",
        "team": "EVE",
        "points": 2,
        "cost": 4.0
      },
      {
        "name": "Doherty",
        "position": "DEF",
        "team": "TOT",
        "points": 47,
        "cost": 5.0
      },
      {
        "name": "Richarlison",
        "position": "FWD",
        "team": "EVE",
        "points": 123,
        "cost": 7.5
      },
      {
        "name": "Henderson",
        "position": "GKP",
        "team": "MUN",
        "points": 44,
        "cost": 5.0
      },
      {
        "name": "Kane",
        "position": "FWD",
        "team": "TOT",
        "points": 242,
        "cost": 12.5
      },
      {
        "name": "Schmeichel",
        "position": "GKP",
        "team": "LEI",
        "points": 128,
        "cost": 5.0
      },
      {
        "name": "Schlupp",
        "position": "MID",
        "team": "CRY",
        "points": 65,
        "cost": 5.5
      },
      {
        "name": "Firminho",
        "position": "FWD",
        "team": "LIV",
        "points": 141,
        "cost": 9.0
      },
      {
        "name": "Abraham",
        "position": "FWD",
        "team": "CHE",
        "points": 69,
        "cost": 6.5
      },
      {
        "name": "Grealish",
        "position": "MID",
        "team": "AVL",
        "points": 135,
        "cost": 8.0
      },
      {
        "name": "Jesus",
        "position": "FWD",
        "team": "MCI",
        "points": 115,
        "cost": 8.5
      },
      {
        "name": "Tarowski",
        "position": "DEF",
        "team": "BUR",
        "points": 109,
        "cost": 5.0
      },
      {
        "name": "de Gea",
        "position": "GKP",
        "team": "MUN",
        "points": 91,
        "cost": 5.0
      },
      {
        "name": "Dubravka",
        "position": "GKP",
        "team": "NEW",
        "points": 48,
        "cost": 4.5
      },
      {
        "name": "Murphy",
        "position": "MID",
        "team": "NEW",
        "points": 69,
        "cost": 5.0
      },
      {
        "name": "Mount",
        "position": "MID",
        "team": "CHE",
        "points": 147,
        "cost": 7.5
      },
      {
        "name": "Guaita",
        "position": "GKP",
        "team": "CRY",
        "points": 124,
        "cost": 4.5
      },
      {
        "name": "Wood",
        "position": "FWD",
        "team": "BUR",
        "points": 138,
        "cost": 7.0
      },
      {
        "name": "Barnes",
        "position": "MID",
        "team": "LEI",
        "points": 126,
        "cost": 7
      },
      {
        "name": "Ederson",
        "position": "GKP",
        "team": "MCI",
        "points": 160,
        "cost": 6
      },
      {
        "name": "Ayew",
        "position": "FWD",
        "team": "CRY",
        "points": 70,
        "cost": 6
      },
      {
        "name": "Maupay",
        "position": "FWD",
        "team": "BHA",
        "points": 105,
        "cost": 6.5
      },
      {
        "name": "Azpilicueta",
        "position": "DEF",
        "team": "CHE",
        "points": 113,
        "cost": 6
      },
      {
        "name": "Traore",
        "position": "MID",
        "team": "WOL",
        "points": 94,
        "cost": 6.0
      },
      {
        "name": "Traore",
        "position": "MID",
        "team": "AVL",
        "points": 135,
        "cost": 6.0
      },
      {
        "name": "Perez",
        "position": "MID",
        "team": "LEI",
        "points": 58,
        "cost": 6.0
      },
      {
        "name": "Dunk",
        "position": "DEF",
        "team": "BHA",
        "points": 130,
        "cost": 5
      },
      {
        "name": "Evans",
        "position": "DEF",
        "team": "LEI",
        "points": 109,
        "cost": 5.5
      },
      {
        "name": "Pulisic",
        "position": "MID",
        "team": "CHE",
        "points": 82,
        "cost": 8.0
      },
      {
        "name": "Wan-Bissaka",
        "position": "DEF",
        "team": "MUN",
        "points": 144,
        "cost": 5.5
      },
      {
        "name": "Calvert-Lewin",
        "position": "DEF",
        "team": "EVE",
        "points": 165,
        "cost": 8.0
      },
      {
        "name": "Maddison",
        "position": "MID",
        "team": "LEI",
        "points": 133,
        "cost": 7
      },
      {
        "name": "Aurier",
        "position": "DEF",
        "team": "TOT",
        "points": 80,
        "cost": 5.0
      },
      {
        "name": "McNeil",
        "position": "MID",
        "team": "BUR",
        "points": 113,
        "cost": 6
      },
      {
        "name": "Pereira",
        "position": "DEF",
        "team": "LEI",
        "points": 27,
        "cost": 5.5
      },
      {
        "name": "Maguire",
        "position": "DEF",
        "team": "MUN",
        "points": 124,
        "cost": 5.5
      },
      {
        "name": "Jonny",
        "position": "DEF",
        "team": "WOL",
        "points": 16,
        "cost": 4.5
      },
      {
        "name": "Alisson",
        "position": "GKP",
        "team": "LIV",
        "points": 140,
        "cost": 6
      },
      {
        "name": "Zaha",
        "position": "MID",
        "team": "CRY",
        "points": 136,
        "cost": 7
      },
      {
        "name": "Digne",
        "position": "DEF",
        "team": "EVE",
        "points": 120,
        "cost": 5.5
      },
      {
        "name": "Soyuncu",
        "position": "DEF",
        "team": "LEI",
        "points": 59,
        "cost": 5.0
      },
      {
        "name": "Lacazette",
        "position": "FWD",
        "team": "ARS",
        "points": 129,
        "cost": 8.5
      },
      {
        "name": "Westwood",
        "position": "MID",
        "team": "BUR",
        "points": 112,
        "cost": 5.5
      },
      {
        "name": "Coady",
        "position": "DEF",
        "team": "WOL",
        "points": 106,
        "cost": 4.5
      },
      {
        "name": "Pickford",
        "position": "GKP",
        "team": "EVE",
        "points": 114,
        "cost": 5
      },
      {
        "name": "Tielemans",
        "position": "MID",
        "team": "LEI",
        "points": 133,
        "cost": 6.5
      },
      {
        "name": "Fernandes",
        "position": "MID",
        "team": "MUN",
        "points": 244,
        "cost": 12.0
      },
      {
        "name": "Ward-Prowse",
        "position": "MID",
        "team": "SOU",
        "points": 156,
        "cost": 6.5
      },
      {
        "name": "Henderson",
        "position": "MID",
        "team": "LIV",
        "points": 56,
        "cost": 5.0
      },
      {
        "name": "Bernardo Silva",
        "position": "MID",
        "team": "MCI",
        "points": 94,
        "cost": 7.0
      },
      {
        "name": "Lindelof",
        "position": "DEF",
        "team": "MUN",
        "points": 102,
        "cost": 5
      },
      {
        "name": "Benteke",
        "position": "FWD",
        "team": "CRY",
        "points": 106,
        "cost": 6.5
      },
      {
        "name": "Leno",
        "position": "GKP",
        "team": "ARS",
        "points": 131,
        "cost": 5
      },
      {
        "name": "Chilwell",
        "position": "DEF",
        "team": "CHE",
        "points": 139,
        "cost": 6.0
      },
      {
        "name": "Walker",
        "position": "DEF",
        "team": "MCI",
        "points": 91,
        "cost": 5.5
      },
      {
        "name": "Moutinho",
        "position": "MID",
        "team": "WOL",
        "points": 73,
        "cost": 5.0
      },
      {
        "name": "Antonio",
        "position": "FWD",
        "team": "WHU",
        "points": 118,
        "cost": 7.5
      },
      {
        "name": "Mee",
        "position": "DEF",
        "team": "BUR",
        "points": 102,
        "cost": 5
      },
      {
        "name": "Almiron",
        "position": "MID",
        "team": "NEW",
        "points": 97,
        "cost": 5.5
      },
      {
        "name": "Redmond",
        "position": "MID",
        "team": "SOU",
        "points": 67,
        "cost": 6.0
      },
      {
        "name": "Pepe",
        "position": "MID",
        "team": "ARS",
        "points": 114,
        "cost": 7.5
      },
      {
        "name": "Shelvey",
        "position": "MID",
        "team": "NEW",
        "points": 74,
        "cost": 5.5
      },
      {
        "name": "Noble",
        "position": "MID",
        "team": "WHU",
        "points": 27,
        "cost": 5.5
      },
      {
        "name": "Rice",
        "position": "MID",
        "team": "WHU",
        "points": 86,
        "cost": 5.0
      },
      {
        "name": "Jota",
        "position": "MID",
        "team": "LIV",
        "points": 86,
        "cost": 7.5
      },
      {
        "name": "Trossard",
        "position": "MID",
        "team": "BHA",
        "points": 132,
        "cost": 6.5
      },
      {
        "name": "McCarthy",
        "position": "GKP",
        "team": "SOU",
        "points": 94,
        "cost": 4.5
      },
      {
        "name": "Greenwood",
        "position": "MID",
        "team": "MUN",
        "points": 106,
        "cost": 7.5
      },
      {
        "name": "Cavani",
        "position": "FWD",
        "team": "MUN",
        "points": 106,
        "cost": 8.5
      },
      {
        "name": "Saiss",
        "position": "DEF",
        "team": "WOL",
        "points": 99,
        "cost": 5
      },
      {
        "name": "Fernandez",
        "position": "DEF",
        "team": "NEW",
        "points": 53,
        "cost": 4.5
      },
      {
        "name": "Rodriguez",
        "position": "FWD",
        "team": "BUR",
        "points": 54,
        "cost": 5.5
      },
      {
        "name": "Alonso",
        "position": "DEF",
        "team": "CHE",
        "points": 57,
        "cost": 5.5
      },
      {
        "name": "Moura",
        "position": "MID",
        "team": "TOT",
        "points": 80,
        "cost": 6.5
      },
      {
        "name": "Raphinha",
        "position": "MID",
        "team": "TOT",
        "points": 133,
        "cost": 6.5
      },
      {
        "name": "Philips",
        "position": "MID",
        "team": "LEE",
        "points": 67,
        "cost": 5.0
      },
      {
        "name": "Philips",
        "position": "DEF",
        "team": "LIV",
        "points": 68,
        "cost": 4.5
      },
      {
        "name": "Dendoncker",
        "position": "MID",
        "team": "WOL",
        "points": 77,
        "cost": 5
      },
      {
        "name": "Trezeguet",
        "position": "MID",
        "team": "AVL",
        "points": 56,
        "cost": 5.5
      },
      {
        "name": "Eze",
        "position": "MID",
        "team": "CRY",
        "points": 125,
        "cost": 6.0
      },
      {
        "name": "Armstrong",
        "position": "MID",
        "team": "SOU",
        "points": 115,
        "cost": 5.5
      },
      {
        "name": "Lloris",
        "position": "GKP",
        "team": "TOT",
        "points": 149,
        "cost": 5.5
      },
      {
        "name": "Alderweireld",
        "position": "DEF",
        "team": "TOT",
        "points": 88,
        "cost": 5.0
      },
      {
        "name": "Boly",
        "position": "DEF",
        "team": "WOL",
        "points": 68,
        "cost": 5.0
      },
      {
        "name": "Sigurdsson",
        "position": "MID",
        "team": "EVE",
        "points": 122,
        "cost": 7
      },
      {
        "name": "James",
        "position": "MID",
        "team": "MUN",
        "points": 43,
        "cost": 6.0
      },
      {
        "name": "Meslier",
        "position": "GKP",
        "team": "LEE",
        "points": 154,
        "cost": 5.0
      },
      {
        "name": "El Ghazi",
        "position": "MID",
        "team": "AVL",
        "points": 111,
        "cost": 6
      },
      {
        "name": "Gomez",
        "position": "DEF",
        "team": "LIV",
        "points": 50,
        "cost": 5.0
      },
      {
        "name": "Fornals",
        "position": "MID",
        "team": "WHU",
        "points": 125,
        "cost": 6.5
      },
      {
        "name": "Jorginho",
        "position": "MID",
        "team": "CHE",
        "points": 114,
        "cost": 6
      },
      {
        "name": "McArthur",
        "position": "MID",
        "team": "CRY",
        "points": 45,
        "cost": 4.5
      },
      {
        "name": "Lingard",
        "position": "MID",
        "team": "MUN",
        "points": 106,
        "cost": 7
      },
      {
        "name": "Rodrigo",
        "position": "MID",
        "team": "MCI",
        "points": 91,
        "cost": 5.5
      },
      {
        "name": "Saint-Maximin",
        "position": "FWD",
        "team": "NEW",
        "points": 85,
        "cost": 6.5
      },
      {
        "name": "Mings",
        "position": "DEF",
        "team": "LIV",
        "points": 128,
        "cost": 5
      },
      {
        "name": "Neto",
        "position": "MID",
        "team": "WOL",
        "points": 124,
        "cost": 6.5
      },
      {
        "name": "Arrizabalaga",
        "position": "GKP",
        "team": "CHE",
        "points": 26,
        "cost": 5
      },
      {
        "name": "Luiz",
        "position": "MID",
        "team": "AVL",
        "points": 72,
        "cost": 4.5
      },
      {
        "name": "Keane",
        "position": "DEF",
        "team": "EVE",
        "points": 127,
        "cost": 5
      },
      {
        "name": "Webster",
        "position": "DEF",
        "team": "BHA",
        "points": 85,
        "cost": 4.5
      },
      {
        "name": "Burn",
        "position": "DEF",
        "team": "BHU",
        "points": 64,
        "cost": 4.5
      },
      {
        "name": "Ndidi",
        "position": "MID",
        "team": "LEI",
        "points": 79,
        "cost": 5.0
      },
      {
        "name": "Stephens",
        "position": "DEF",
        "team": "SOU",
        "points": 41,
        "cost": 4.5
      },
      {
        "name": "McGinn",
        "position": "MID",
        "team": "AVL",
        "points": 114,
        "cost": 6.0
      },
      {
        "name": "Taylor",
        "position": "DEF",
        "team": "BUR",
        "points": 83,
        "cost": 4.5
      },
      {
        "name": "Bednarek",
        "position": "DEF",
        "team": "SOU",
        "points": 94,
        "cost": 4.5
      },
      {
        "name": "Hourihane",
        "position": "MID",
        "team": "AVL",
        "points": 45,
        "cost": 5.0
      },
      {
        "name": "Fabianski",
        "position": "GKP",
        "team": "WHU",
        "points": 133,
        "cost": 5
      },
      {
        "name": "Milivojevic",
        "position": "MID",
        "team": "CRY",
        "points": 63,
        "cost": 5.5
      },
      {
        "name": "Ogbonna",
        "position": "DEF",
        "team": "WHU",
        "points": 100,
        "cost": 5
      },
      {
        "name": "Targett",
        "position": "DEF",
        "team": "AVL",
        "points": 138,
        "cost": 5.0
      },
      {
        "name": "Ake",
        "position": "DEF",
        "team": "MCI",
        "points": 29,
        "cost": 5.0
      },
      {
        "name": "Cresswell",
        "position": "DEF",
        "team": "WHU",
        "points": 153,
        "cost": 5.5
      },
      {
        "name": "Bardsley",
        "position": "DEF",
        "team": "BUR",
        "points": 40,
        "cost": 4.0
      },
      {
        "name": "Mina",
        "position": "DEF",
        "team": "EVE",
        "points": 79,
        "cost": 5.0
      },
      {
        "name": "Joelinton",
        "position": "FWD",
        "team": "NEW",
        "points": 74,
        "cost": 6
      },
      {
        "name": "Torres",
        "position": "MID",
        "team": "MCI",
        "points": 95,
        "cost": 7
      },
      {
        "name": "Adams",
        "position": "FWD",
        "team": "SOU",
        "points": 137,
        "cost": 7
      },
      {
        "name": "Dallas",
        "position": "MID",
        "team": "LEE",
        "points": 171,
        "cost": 5.5
      },
      {
        "name": "Albrighton",
        "position": "MID",
        "team": "LEI",
        "points": 78,
        "cost": 5.5
      },
      {
        "name": "Pieters",
        "position": "DEF",
        "team": "BUR",
        "points": 50,
        "cost": 4.5
      },
      {
        "name": "Ward",
        "position": "DEF",
        "team": "CRY",
        "points": 66,
        "cost": 4.5
      },
      {
        "name": "Fabinho",
        "position": "MID",
        "team": "LIV",
        "points": 71,
        "cost": 5.5
      },
      {
        "name": "Grob",
        "position": "MID",
        "team": "BHA",
        "points": 116,
        "cost": 6
      },
      {
        "name": "Chamberlain",
        "position": "MID",
        "team": "LIV",
        "points": 21,
        "cost": 6.0
      },
      {
        "name": "Diop",
        "position": "DEF",
        "team": "WHU",
        "points": 42,
        "cost": 4.5
      },
      {
        "name": "Dias",
        "position": "DEF",
        "team": "MCI",
        "points": 142,
        "cost": 6.0
      },
      {
        "name": "Bertrand",
        "position": "DEF",
        "team": "LEI",
        "points": 78,
        "cost": 5
      },
      {
        "name": "Hojberg",
        "position": "MID",
        "team": "TOT",
        "points": 107,
        "cost": 5
      },
      {
        "name": "Mendy",
        "position": "DEF",
        "team": "MCI",
        "points": 63,
        "cost": 5.5
      },
      {
        "name": "McTominay",
        "position": "MID",
        "team": "MUN",
        "points": 91,
        "cost": 5.5
      },
      {
        "name": "Ritchie",
        "position": "MID",
        "team": "NEW",
        "points": 52,
        "cost": 5
      },
      {
        "name": "Fredericks",
        "position": "DEF",
        "team": "WHU",
        "points": 28,
        "cost": 4.5
      },
      {
        "name": "Xhaka",
        "position": "MID",
        "team": "ARS",
        "points": 70,
        "cost": 5.0
      },
      {
        "name": "Lascelles",
        "position": "DEF",
        "team": "NEW",
        "points": 44,
        "cost": 4.5
      },
      {
        "name": "Hayden",
        "position": "MID",
        "team": "NEW",
        "points": 40,
        "cost": 4.5
      },
      {
        "name": "Bernard",
        "position": "MID",
        "team": "EVE",
        "points": 21,
        "cost": 5.5
      },
      {
        "name": "Saka",
        "position": "MID",
        "team": "ARS",
        "points": 114,
        "cost": 6.5
      },
      {
        "name": "Holgate",
        "position": "DEF",
        "team": "EVE",
        "points": 80,
        "cost": 4.5
      },
      {
        "name": "Cork",
        "position": "MID",
        "team": "BUR",
        "points": 33,
        "cost": 4.5
      },
      {
        "name": "Yarmolenko",
        "position": "MID",
        "team": "WHU",
        "points": 17,
        "cost": 5.5
      },
      {
        "name": "Foden",
        "position": "MID",
        "team": "MCI",
        "points": 135,
        "cost": 8.0
      },
      {
        "name": "Sissoko",
        "position": "MID",
        "team": "TOT",
        "points": 44,
        "cost": 4.5
      },
      {
        "name": "Kovacic",
        "position": "MID",
        "team": "CHE",
        "points": 54,
        "cost": 5.0
      },
      {
        "name": "Giroud",
        "position": "FWD",
        "team": "CHE",
        "points": 47,
        "cost": 6.5
      },
      {
        "name": "Wesley",
        "position": "FWD",
        "team": "AVL",
        "points": 35,
        "cost": 5.5
      },
      {
        "name": "Shaw",
        "position": "DEF",
        "team": "MUN",
        "points": 124,
        "cost": 5.5
      },
      {
        "name": "Hendrick",
        "position": "MID",
        "team": "NEW",
        "points": 52,
        "cost": 5
      },
      {
        "name": "Konsa",
        "position": "DEF",
        "team": "AVL",
        "points": 119,
        "cost": 5.0
      },
      {
        "name": "Origi",
        "position": "FWD",
        "team": "LIV",
        "points": 10,
        "cost": 5.0
      },
      {
        "name": "Gundogan",
        "position": "MID",
        "team": "MCI",
        "points": 157,
        "cost": 7.5
      },
      {
        "name": "Ndombele",
        "position": "MID",
        "team": "TOT",
        "points": 99,
        "cost": 6.0
      },
      {
        "name": "Manquillo",
        "position": "DEF",
        "team": "NEW",
        "points": 28,
        "cost": 4.0
      },
      {
        "name": "Lamela",
        "position": "MID",
        "team": "TOT",
        "points": 28,
        "cost": 6
      },
      {
        "name": "Kelly",
        "position": "DEF",
        "team": "CRY",
        "points": 32,
        "cost": 4.0
      },
      {
        "name": "Iheanacho",
        "position": "FWD",
        "team": "LEI",
        "points": 110,
        "cost": 7.5
      },
      {
        "name": "Sanchez",
        "position": "DEF",
        "team": "TOT",
        "points": 43,
        "cost": 4.5
      },
      {
        "name": "Stephens",
        "position": "MID",
        "team": "BHA",
        "points": 8,
        "cost": 4.5
      },
      {
        "name": "Rudiger",
        "position": "DEF",
        "team": "CHE",
        "points": 93,
        "cost": 5.5
      },
      {
        "name": "Walcott",
        "position": "MID",
        "team": "SOU",
        "points": 76,
        "cost": 6
      },
      {
        "name": "Laporte",
        "position": "DEF",
        "team": "MCI",
        "points": 58,
        "cost": 5.5
      },
      {
        "name": "Guilbert",
        "position": "DEF",
        "team": "AVL",
        "points": 31,
        "cost": 4.5
      },
      {
        "name": "Zouma",
        "position": "DEF",
        "team": "CHE",
        "points": 108,
        "cost": 5.5
      },
      {
        "name": "Long",
        "position": "DEF",
        "team": "BUR",
        "points": 14,
        "cost": 4.0
      },
      {
        "name": "Cedric",
        "position": "DEF",
        "team": "ARS",
        "points": 28,
        "cost": 4.5
      },
      {
        "name": "Barkley",
        "position": "MID",
        "team": "CHE",
        "points": 76,
        "cost": 5.5
      },
      {
        "name": "Klich",
        "position": "MID",
        "team": "LEE",
        "points": 99,
        "cost": 5.5
      },
      {
        "name": "Kante",
        "position": "MID",
        "team": "CHE",
        "points": 62,
        "cost": 5
      },
      {
        "name": "Pogba",
        "position": "MID",
        "team": "MUN",
        "points": 92,
        "cost": 7.5
      },
      {
        "name": "Bamford",
        "position": "FWD",
        "team": "LEE",
        "points": 194,
        "cost": 8.0
      },
      {
        "name": "Davis",
        "position": "FWD",
        "team": "AVL",
        "points": 23,
        "cost": 4.5
      },
      {
        "name": "Obafemi",
        "position": "FWD",
        "team": "SOU",
        "points": 4,
        "cost": 4.5
      },
      {
        "name": "Nakamba",
        "position": "MID",
        "team": "AVL",
        "points": 27,
        "cost": 4.5
      },
      {
        "name": "Harrison",
        "position": "MID",
        "team": "LEE",
        "points": 160,
        "cost": 6.0
      },
      {
        "name": "Soucek",
        "position": "MID",
        "team": "WHU",
        "points": 147,
        "cost": 6.0
      },
      {
        "name": "Romeu",
        "position": "MID",
        "team": "SOU",
        "points": 52,
        "cost": 4.5
      },
      {
        "name": "Jones",
        "position": "MID",
        "team": "LIV",
        "points": 50,
        "cost": 5
      },
      {
        "name": "Werner",
        "position": "FWD",
        "team": "CHE",
        "points": 128,
        "cost": 9.0
      },
      {
        "name": "Rodriguez",
        "position": "MID",
        "team": "EVE",
        "points": 101,
        "cost": 7.0
      },
      {
        "name": "Silva",
        "position": "DEF",
        "team": "CHE",
        "points": 92,
        "predicted": true,
        "cost": 5.5
      },
      {
        "name": "Wilson",
        "position": "FWD",
        "team": "NEW",
        "points": 134,
        "cost": 7.5
      },
      {
        "name": "Fraser",
        "position": "MID",
        "team": "NEW",
        "points": 39,
        "cost": 5.5
      },
      {
        "name": "S.Longstaff",
        "position": "MID",
        "team": "NEW",
        "points": 41,
        "cost": 4.5
      },
      {
        "name": "M.Longstaff",
        "position": "MID",
        "team": "NEW",
        "points": 10,
        "cost": 4.5
      },
      {
        "name": "Havertz",
        "position": "MID",
        "team": "CHE",
        "points": 91,
        "cost": 8.5
      },
      {
        "name": "Rodrigo",
        "position": "FWD",
        "team": "LEE",
        "points": 89,
        "cost": 6.5
      },
      {
        "name": "Ferguson",
        "position": "DEF",
        "team": "CRY",
        "points": 0,
        "cost": 4.5
      },
      {
        "name": "Johnson",
        "position": "DEF",
        "team": "WHU",
        "points": 25,
        "cost": 4
      },
      {
        "name": "Lewis",
        "position": "DEF",
        "team": "NEW",
        "points": 44,
        "cost": 4.5
      },
      {
        "name": "Amartey",
        "position": "DEF",
        "team": "LEI",
        "points": 19,
        "cost": 4.0
      },
      {
        "name": "Cancelo",
        "position": "DEF",
        "team": "MCI",
        "points": 138,
        "cost": 6.0
      },
      {
        "name": "March",
        "position": "MID",
        "team": "BHA",
        "points": 69,
        "cost": 5.5
      },
      {
        "name": "van de Beek",
        "position": "MID",
        "team": "MUN",
        "points": 32,
        "cost": 6.0
      },
      {
        "name": "Cantwell",
        "position": "MID",
        "team": "NOR",
        "points": 111,
        "predicted": true,
        "cost": 5.5
      },
      {
        "name": "Pukki",
        "position": "FWD",
        "team": "NOR",
        "points": 100,
        "predicted": true,
        "cost": 6.0
      },
      {
        "name": "Welbeck",
        "position": "FWD",
        "team": "BHA",
        "points": 89,
        "cost": 6.0
      },
      {
        "name": "Rupp",
        "position": "MID",
        "team": "NOR",
        "points": 19,
        "predicted": true,
        "cost": 4.5
      },
      {
        "name": "McLean",
        "position": "MID",
        "team": "NOR",
        "points": 77,
        "predicted": true,
        "cost": 5.0
      },
      {
        "name": "Hernandez",
        "position": "MID",
        "team": "NOR",
        "points": 52,
        "predicted": true,
        "cost": 5.0
      },
      {
        "name": "McLean",
        "position": "MID",
        "team": "NOR",
        "points": 77,
        "predicted": true,
        "cost": 5.0
      },
      {
        "name": "Hanley",
        "position": "DEF",
        "team": "NOR",
        "points": 23,
        "predicted": true,
        "cost": 4.5
      },
      {
        "name": "Toney",
        "position": "FWD",
        "team": "BRE",
        "points": 74,
        "predicted": true,
        "cost": 6.5
      },
      {
        "name": "Gunnarsson",
        "position": "GKP",
        "team": "BRE",
        "points": 40,
        "predicted": true,
        "cost": 4.0
      },
      {
        "name": "Neves",
        "position": "MID",
        "team": "WOL",
        "points": 104,
        "cost": 5.5
      }
    ]
  }